id,name,email,gender,salary
1,Batholomew Voase,bvoase0@ox.ac.uk,Male,4251
2,Perri Boog,pboog1@acquirethisname.com,Female,3261
3,Gussie Olerenshaw,golerenshaw2@ucoz.com,Female,2878
4,Loraine Matthias,lmatthias3@mail.ru,Female,5682
5,Basia Drissell,bdrissell4@slate.com,Female,2728
6,Aryn Jervoise,ajervoise5@linkedin.com,Female,4947
7,Randal Plewright,rplewright6@intel.com,Male,3861
8,Mignonne Birtles,mbirtles7@ask.com,Female,2497
9,Kirby Melbourn,kmelbourn8@netlog.com,Male,2699
10,Berkie Regelous,bregelous9@baidu.com,Male,2078
11,Burl Aingel,baingela@tinyurl.com,Male,5208
12,Jacquenette Oswal,joswalb@ebay.com,Female,4304
13,Kyle Cardinale,kcardinalec@dailymail.co.uk,Male,3284
14,Immanuel Favey,ifaveyd@mail.ru,Male,3500
15,Jerrome Antoniewicz,jantoniewicze@abc.net.au,Male,5965
16,Iorgos Lanchbury,ilanchburyf@vinaora.com,Male,4417
17,Kermie Chidwick,kchidwickg@omniture.com,Male,2950
18,Cesare Carlin,ccarlinh@exblog.jp,Male,5559
19,Maia Georgel,mgeorgeli@posterous.com,Female,4097
20,Ardyce Odo,aodoj@webeden.co.uk,Female,5635
21,Tanny Bondy,tbondyk@weebly.com,Male,4493
22,Benjy McMillan,bmcmillanl@paypal.com,Male,4967
23,Jackelyn Jentin,jjentinm@cornell.edu,Female,6661
24,Arly Gregoire,agregoiren@cafepress.com,Female,6475
25,Demetris Summersett,dsummersetto@networksolutions.com,Male,2019
26,Elyssa Luter,eluterp@who.int,Female,6035
27,Eunice Cathrae,ecathraeq@jigsy.com,Female,2943
28,Jewelle Ridley,jridleyr@scribd.com,Female,6495
29,Barbe Conichie,bconichies@slashdot.org,Female,2560
30,Hatty Bracci,hbraccit@typepad.com,Female,6487
31,Wendall Gwynn,wgwynnu@businessinsider.com,Male,5018
32,Bale Pablo,bpablov@spiegel.de,Male,3866
33,Brennen Izakson,bizaksonw@bloglovin.com,Male,3077
34,Dedra Riddington,driddingtonx@pcworld.com,Female,5971
35,Dodi Erni,derniy@paypal.com,Female,6241
36,Geoffry Esgate,gesgatez@angelfire.com,Male,6929
37,Sherm Stilgoe,sstilgoe10@flickr.com,Male,2938
38,Bran Baurerich,bbaurerich11@domainmarket.com,Male,4833
39,Corine Gillatt,cgillatt12@gov.uk,Female,4459
40,Dasya Fley,dfley13@photobucket.com,Female,6579
41,Otha Derl,oderl14@angelfire.com,Female,2466
42,Paddy Curnnok,pcurnnok15@nsw.gov.au,Male,3192
43,Noah Coger,ncoger16@discovery.com,Male,6801
44,Shep Urridge,surridge17@guardian.co.uk,Male,4693
45,Horatia Klimmek,hklimmek18@flickr.com,Female,6724
46,Bent Thurgood,bthurgood19@bbc.co.uk,Male,2596
47,Aubry Dukesbury,adukesbury1a@linkedin.com,Female,5670
48,Rutledge Norley,rnorley1b@netscape.com,Male,5794
49,Lanie Boffin,lboffin1c@boston.com,Male,4729
50,Jacki Perrycost,jperrycost1d@xing.com,Female,2467
51,Blakeley Lightman,blightman1e@clickbank.net,Female,2412
52,Doloritas Teaser,dteaser1f@ameblo.jp,Female,3588
53,Jorry Yoskowitz,jyoskowitz1g@state.tx.us,Female,5562
54,Nevil Dallon,ndallon1h@networksolutions.com,Male,4772
55,Meredith Frear,mfrear1i@merriam-webster.com,Male,4336
56,Lynnette Dartan,ldartan1j@digg.com,Female,3445
57,Camilla Colquit,ccolquit1k@alibaba.com,Female,6175
58,Fidel Walklate,fwalklate1l@bravesites.com,Male,6539
59,Brooke Feasley,bfeasley1m@biglobe.ne.jp,Male,3415
60,Cobby Slimmon,cslimmon1n@google.com.au,Male,3555
61,Bone Polden,bpolden1o@privacy.gov.au,Male,5897
62,Sheffie Sudell,ssudell1p@nymag.com,Male,3717
63,Nicolina Pencost,npencost1q@paypal.com,Female,4552
64,Oralia Dorracott,odorracott1r@webeden.co.uk,Female,4506
65,Bobbye Haggeth,bhaggeth1s@berkeley.edu,Female,5167
66,Trish Orchard,torchard1t@hatena.ne.jp,Female,6438
67,Harlan Dubarry,hdubarry1u@psu.edu,Male,2951
68,Kassey Hugett,khugett1v@cnet.com,Female,2759
69,Monah Rastall,mrastall1w@phpbb.com,Female,2658
70,Cary Curless,ccurless1x@bbb.org,Female,5071
71,Rosette Guilloton,rguilloton1y@w3.org,Female,2837
72,Bryn O'Donoghue,bodonoghue1z@unesco.org,Female,4172
73,Rustin Phillp,rphillp20@goo.gl,Male,6833
74,Enoch Turneux,eturneux21@cbsnews.com,Male,2164
75,Obadias De Marchi,ode22@dailymail.co.uk,Male,6437
76,Emyle Baker,ebaker23@myspace.com,Female,4947
77,Weider Crocetto,wcrocetto24@slashdot.org,Male,5655
78,Kelsey Innis,kinnis25@jiathis.com,Female,3235
79,Lucian Lockney,llockney26@e-recht24.de,Male,3835
80,Barron Stollenhof,bstollenhof27@gov.uk,Male,6040
81,Alfredo Vedmore,avedmore28@usgs.gov,Male,5982
82,Roanne Bovis,rbovis29@indiatimes.com,Female,4002
83,Gram McGonnell,gmcgonnell2a@blogtalkradio.com,Male,4042
84,Tally Delue,tdelue2b@biblegateway.com,Male,5873
85,Jeanelle Jelkes,jjelkes2c@parallels.com,Female,2360
86,Bernie Coram,bcoram2d@themeforest.net,Female,4549
87,Kathryne Cruz,kcruz2e@nsw.gov.au,Female,4930
88,Auberon Heatlie,aheatlie2f@multiply.com,Male,2530
89,Consuela Wiltshier,cwiltshier2g@dagondesign.com,Female,2706
90,Fons Nutty,fnutty2h@photobucket.com,Male,4751
91,Addie Nibloe,anibloe2i@1688.com,Male,3438
92,Olvan Furley,ofurley2j@usatoday.com,Male,4307
93,Meta Birtchnell,mbirtchnell2k@sfgate.com,Female,6818
94,Marcy Cumpsty,mcumpsty2l@google.nl,Female,5920
95,Bil Grumbridge,bgrumbridge2m@phoca.cz,Male,2335
96,Maryjo Kermannes,mkermannes2n@usatoday.com,Female,6845
97,Olag Minthorpe,ominthorpe2o@state.gov,Male,4405
98,Delphinia Hovington,dhovington2p@amazon.de,Female,4258
99,Gisela Castelletto,gcastelletto2q@paypal.com,Female,6192
100,Corine Futty,cfutty2r@imageshack.us,Female,2191
101,Angele Syms,asyms2s@merriam-webster.com,Female,5956
102,Stinky Aberdein,saberdein2t@live.com,Male,5706
103,Town Scotland,tscotland2u@theglobeandmail.com,Male,6385
104,Chad Bourget,cbourget2v@bandcamp.com,Female,4043
105,Rogers Flaxman,rflaxman2w@deliciousdays.com,Male,3587
106,Abagail Faircliff,afaircliff2x@abc.net.au,Female,2245
107,Zola Hurworth,zhurworth2y@disqus.com,Female,3293
108,Marthe McCarlich,mmccarlich2z@nifty.com,Female,2891
109,Brena Jurasz,bjurasz30@sourceforge.net,Female,6254
110,Cirillo Filipczynski,cfilipczynski31@salon.com,Male,6773
111,Edlin Baldacchi,ebaldacchi32@pen.io,Male,2067
112,Clint Clements,cclements33@dailymotion.com,Male,4534
113,Tally Ebben,tebben34@techcrunch.com,Male,6344
114,Barron Maruszewski,bmaruszewski35@engadget.com,Male,5240
115,Paulie Slatcher,pslatcher36@weebly.com,Male,2060
116,Fancie Blackbrough,fblackbrough37@bloomberg.com,Female,2742
117,Nathalia Bauldrey,nbauldrey38@gnu.org,Female,6596
118,Derrick Cruikshank,dcruikshank39@taobao.com,Male,3690
119,Teddie Luckwell,tluckwell3a@amazon.de,Male,5545
120,Calypso Yakobowitch,cyakobowitch3b@usatoday.com,Female,5585
121,Malachi Jansie,mjansie3c@seesaa.net,Male,4176
122,Raina Menham,rmenham3d@ocn.ne.jp,Female,3421
123,Janot Float,jfloat3e@gravatar.com,Female,5904
124,Heywood Bownas,hbownas3f@issuu.com,Male,5909
125,Agace Hansard,ahansard3g@pen.io,Female,3471
126,Lizabeth Thomtson,lthomtson3h@cbc.ca,Female,5109
127,Waverly Boller,wboller3i@infoseek.co.jp,Male,2894
128,Earvin Peeke,epeeke3j@npr.org,Male,2588
129,Herbert Faulkner,hfaulkner3k@nps.gov,Male,5013
130,Marianne Faiers,mfaiers3l@dot.gov,Female,3512
131,Robby Labrenz,rlabrenz3m@tmall.com,Female,3778
132,Quill Phoebe,qphoebe3n@craigslist.org,Male,6638
133,Itch Bercevelo,ibercevelo3o@multiply.com,Male,6091
134,Hodge Mort,hmort3p@xing.com,Male,3710
135,Rory Deaves,rdeaves3q@mail.ru,Male,2299
136,Dedra Aronow,daronow3r@constantcontact.com,Female,4958
137,Kristyn Racher,kracher3s@economist.com,Female,3974
138,Rriocard Pruvost,rpruvost3t@ted.com,Male,5792
139,Sigismundo McMains,smcmains3u@freewebs.com,Male,5442
140,Quinn McBratney,qmcbratney3v@ameblo.jp,Female,6784
141,Lorianna Ponder,lponder3w@angelfire.com,Female,5216
142,Kasper Frisel,kfrisel3x@admin.ch,Male,6511
143,Vivianna Manneville,vmanneville3y@pbs.org,Female,4850
144,Etan Postgate,epostgate3z@webs.com,Male,5748
145,Alexio Stagge,astagge40@digg.com,Male,3000
146,Ealasaid Sage,esage41@ifeng.com,Female,4832
147,Bethany Mulbry,bmulbry42@irs.gov,Female,3615
148,Ignaz Bampford,ibampford43@nymag.com,Male,6516
149,Sarene Dabling,sdabling44@webeden.co.uk,Female,4497
150,Melonie Darbishire,mdarbishire45@jalbum.net,Female,2233
151,Philis Lukock,plukock46@mapquest.com,Female,2845
152,Fanechka Finan,ffinan47@cloudflare.com,Female,3429
153,Lars Kinkaid,lkinkaid48@smugmug.com,Male,6303
154,Geraldine Draude,gdraude49@yahoo.com,Female,2294
155,Sabra Adamov,sadamov4a@chicagotribune.com,Female,5499
156,Adamo Major,amajor4b@wp.com,Male,4403
157,Adiana Kemmons,akemmons4c@clickbank.net,Female,5266
158,Dwayne Stoffer,dstoffer4d@timesonline.co.uk,Male,3199
159,Bernie Marritt,bmarritt4e@networkadvertising.org,Female,3467
160,Vincent Maxwell,vmaxwell4f@mapquest.com,Male,4605
161,Yorgos Jedrzejewicz,yjedrzejewicz4g@1und1.de,Male,5186
162,Annabell Nelmes,anelmes4h@bigcartel.com,Female,2910
163,Viki Trafford,vtrafford4i@mlb.com,Female,5501
164,Una Havile,uhavile4j@amazon.co.jp,Female,4251
165,Allix Kellett,akellett4k@wikia.com,Female,6240
166,Alejandrina Lambourne,alambourne4l@psu.edu,Female,4366
167,Nadya Midgley,nmidgley4m@utexas.edu,Female,6166
168,Hillier Brundle,hbrundle4n@multiply.com,Male,3740
169,Katheryn Cousin,kcousin4o@com.com,Female,4343
170,Elly Jacobsohn,ejacobsohn4p@economist.com,Female,3843
171,Hastings D'Antonio,hdantonio4q@loc.gov,Male,6198
172,Derry Bentje,dbentje4r@earthlink.net,Male,6081
173,Blair Dellenbrook,bdellenbrook4s@netscape.com,Male,6714
174,Nesta Easun,neasun4t@youtube.com,Female,6549
175,Karil Hargitt,khargitt4u@wix.com,Female,4824
176,Terrance McMeekin,tmcmeekin4v@businessinsider.com,Male,5298
177,Tyson Starr,tstarr4w@photobucket.com,Male,6343
178,Layney St. Aubyn,lst4x@aboutads.info,Female,5444
179,Gav Iwaszkiewicz,giwaszkiewicz4y@imageshack.us,Male,6197
180,Martguerita Belfield,mbelfield4z@huffingtonpost.com,Female,4904
181,Petunia Haeslier,phaeslier50@weather.com,Female,5442
182,Karine Landreth,klandreth51@boston.com,Female,3838
183,Phyllis Jimmison,pjimmison52@taobao.com,Female,6568
184,Shaw Portt,sportt53@huffingtonpost.com,Male,5244
185,Jarvis Andrich,jandrich54@friendfeed.com,Male,2791
186,Nap Klimke,nklimke55@washington.edu,Male,5019
187,Sharron Yurinov,syurinov56@nyu.edu,Female,4381
188,Tiebout Bonsul,tbonsul57@g.co,Male,4415
189,Roldan Brewster,rbrewster58@ovh.net,Male,6627
190,Noell Brookwell,nbrookwell59@merriam-webster.com,Female,5368
191,Liva O'Kynsillaghe,lokynsillaghe5a@bravesites.com,Female,2114
192,Nikolia Latimer,nlatimer5b@arstechnica.com,Female,5111
193,Rube Baszniak,rbaszniak5c@craigslist.org,Male,2687
194,Liam Barrand,lbarrand5d@kickstarter.com,Male,5778
195,Inness Bettaney,ibettaney5e@earthlink.net,Male,6733
196,Sioux Dowda,sdowda5f@utexas.edu,Female,5207
197,Gerald Baldassi,gbaldassi5g@spotify.com,Male,2333
198,Minda Smitherham,msmitherham5h@sakura.ne.jp,Female,4100
199,Catharina Anshell,canshell5i@example.com,Female,6002
200,Lilah Dalton,ldalton5j@bloglovin.com,Female,5069
201,Lynnet Drinkhill,ldrinkhill5k@ow.ly,Female,5702
202,Licha Sargent,lsargent5l@cafepress.com,Female,5208
203,Maisey Schimank,mschimank5m@apple.com,Female,2454
204,Ann-marie Meaders,ameaders5n@quantcast.com,Female,5914
205,Lissa Bonicelli,lbonicelli5o@exblog.jp,Female,6949
206,Pearle Garrood,pgarrood5p@harvard.edu,Female,3521
207,Rufe Schneider,rschneider5q@studiopress.com,Male,6850
208,Jannelle Tyler,jtyler5r@techcrunch.com,Female,6028
209,Brenden Lammie,blammie5s@cam.ac.uk,Male,3686
210,Geraldine Shapero,gshapero5t@loc.gov,Female,5123
211,D'arcy Castells,dcastells5u@marketwatch.com,Male,4742
212,Wolfgang Woodward,wwoodward5v@netvibes.com,Male,3624
213,Rowan Matveichev,rmatveichev5w@meetup.com,Male,5124
214,Cthrine Farry,cfarry5x@clickbank.net,Female,6394
215,Isaak Gullis,igullis5y@thetimes.co.uk,Male,4223
216,Jewel Budleigh,jbudleigh5z@comsenz.com,Female,6884
217,North Beale,nbeale60@arstechnica.com,Male,3376
218,Clare Gaskell,cgaskell61@indiatimes.com,Female,4922
219,Evanne Collcott,ecollcott62@live.com,Female,5483
220,Tammie Scholtis,tscholtis63@npr.org,Male,6896
221,Costanza Mees,cmees64@addthis.com,Female,5925
222,Tim McDonnell,tmcdonnell65@archive.org,Male,5880
223,Lee Canner,lcanner66@addthis.com,Male,6111
224,Grace Clabburn,gclabburn67@epa.gov,Female,6714
225,Deanne Bathoe,dbathoe68@dailymotion.com,Female,2418
226,Millie Harwood,mharwood69@arstechnica.com,Female,5656
227,Beniamino Hudless,bhudless6a@devhub.com,Male,4078
228,Clemens Luckings,cluckings6b@reference.com,Male,2750
229,Brandice Bridgewater,bbridgewater6c@latimes.com,Female,6973
230,Theo Lademann,tlademann6d@vk.com,Female,6280
231,Perla Loder,ploder6e@vk.com,Female,5254
232,Gardner Yarranton,gyarranton6f@scientificamerican.com,Male,4442
233,Catharine Gaynesford,cgaynesford6g@wsj.com,Female,4087
234,Robbin Cail,rcail6h@skype.com,Female,3019
235,Silvan Wrist,swrist6i@ft.com,Male,3414
236,Fanchon Donett,fdonett6j@nydailynews.com,Female,4328
237,Kristi Atthowe,katthowe6k@privacy.gov.au,Female,5908
238,Marielle Simukov,msimukov6l@bizjournals.com,Female,6653
239,Othilia Moen,omoen6m@freewebs.com,Female,3818
240,Aubine Batie,abatie6n@weibo.com,Female,3289
241,Krysta Francescoccio,kfrancescoccio6o@tripod.com,Female,4043
242,Layney Huster,lhuster6p@google.com,Female,6422
243,Ezri Mallindine,emallindine6q@rediff.com,Male,3369
244,Lammond Tremollet,ltremollet6r@cafepress.com,Male,3659
245,Lacy Trobridge,ltrobridge6s@ibm.com,Female,5938
246,Gerta MacMarcuis,gmacmarcuis6t@shinystat.com,Female,2334
247,Georgie Eymor,geymor6u@cpanel.net,Female,3969
248,Derrick Cometto,dcometto6v@sakura.ne.jp,Male,6472
249,Crissie Collelton,ccollelton6w@friendfeed.com,Female,5831
250,Brenna Cribbin,bcribbin6x@va.gov,Female,4796
251,Hubie Entwisle,hentwisle6y@people.com.cn,Male,2017
252,Avis MacConnell,amacconnell6z@privacy.gov.au,Female,2451
253,Jillane Bixley,jbixley70@desdev.cn,Female,6000
254,Raye Adds,radds71@thetimes.co.uk,Female,2388
255,Theobald Nibloe,tnibloe72@com.com,Male,2729
256,Worthy Edy,wedy73@microsoft.com,Male,6774
257,Jean Nugent,jnugent74@desdev.cn,Female,4461
258,Ange Haseldine,ahaseldine75@technorati.com,Male,4332
259,Dov Ivashnikov,divashnikov76@biblegateway.com,Male,6025
260,Letta Valente,lvalente77@elegantthemes.com,Female,5163
261,Base Leaf,bleaf78@theatlantic.com,Male,6361
262,Ezri Busch,ebusch79@cnet.com,Male,3153
263,Doug Griffith,dgriffith7a@homestead.com,Male,6888
264,Bree Ciabatteri,bciabatteri7b@cyberchimps.com,Female,2827
265,Perry Cozzi,pcozzi7c@unicef.org,Female,2155
266,William Van der Brug,wvan7d@w3.org,Male,6294
267,Anthony Catlette,acatlette7e@marriott.com,Male,4451
268,Patsy McTeer,pmcteer7f@gravatar.com,Female,4251
269,Bertie Hurll,bhurll7g@umich.edu,Male,3834
270,Philomena Goublier,pgoublier7h@columbia.edu,Female,2523
271,Liesa Libero,llibero7i@networkadvertising.org,Female,4885
272,Wolfy Wallage,wwallage7j@about.me,Male,2664
273,Durand Virgo,dvirgo7k@dion.ne.jp,Male,7000
274,Cash Rapkins,crapkins7l@oracle.com,Male,5601
275,Bernice Stops,bstops7m@dailymail.co.uk,Female,4305
276,Curt McNay,cmcnay7n@godaddy.com,Male,2156
277,Dalli Kemmer,dkemmer7o@sourceforge.net,Male,4140
278,Caprice Clarke,cclarke7p@1und1.de,Female,5813
279,Dudley Godfrey,dgodfrey7q@arizona.edu,Male,6207
280,Lindsy Yeo,lyeo7r@businessweek.com,Female,6341
281,Wilbur Bassindale,wbassindale7s@nytimes.com,Male,3992
282,Lilian Dews,ldews7t@bbc.co.uk,Female,5082
283,Orren Lorek,olorek7u@macromedia.com,Male,4747
284,Eolanda Burditt,eburditt7v@hp.com,Female,6635
285,Bellina Hesbrook,bhesbrook7w@howstuffworks.com,Female,5361
286,Clem Rignall,crignall7x@fotki.com,Male,2383
287,Sholom Coronado,scoronado7y@feedburner.com,Male,4545
288,Hakim Ondrousek,hondrousek7z@adobe.com,Male,5216
289,Cacilie Venmore,cvenmore80@homestead.com,Female,6561
290,Ade Winship,awinship81@tripod.com,Male,6794
291,Benny Elster,belster82@4shared.com,Female,4899
292,Aggi Esp,aesp83@fema.gov,Female,2842
293,Joshia Hardiker,jhardiker84@wired.com,Male,3543
294,Otes Tett,otett85@wunderground.com,Male,5226
295,Walther Blasio,wblasio86@nps.gov,Male,5074
296,Donielle Scirman,dscirman87@dailymotion.com,Female,4598
297,Kingsly Seyers,kseyers88@oaic.gov.au,Male,3586
298,Efren Laytham,elaytham89@amazonaws.com,Male,5560
299,Annalee Pavlasek,apavlasek8a@1und1.de,Female,6297
300,Mehetabel Gelsthorpe,mgelsthorpe8b@jimdo.com,Female,2765
301,Gilly Lebarree,glebarree8c@psu.edu,Female,5909
302,Dorolice Pettet,dpettet8d@unc.edu,Female,4961
303,Tome Jaffrey,tjaffrey8e@homestead.com,Male,4196
304,Alissa Wyer,awyer8f@1und1.de,Female,2574
305,Hobard Goymer,hgoymer8g@networksolutions.com,Male,5966
306,Yancey Christoffels,ychristoffels8h@opera.com,Male,5354
307,Vincent Ierland,vierland8i@i2i.jp,Male,5075
308,Rosita Gatherell,rgatherell8j@nationalgeographic.com,Female,3176
309,Enrica Barnham,ebarnham8k@prlog.org,Female,2677
310,Dex Delia,ddelia8l@wordpress.com,Male,4956
311,Bryana Forth,bforth8m@qq.com,Female,3079
312,Alano Luckes,aluckes8n@twitter.com,Male,2267
313,Bobby Ferry,bferry8o@oracle.com,Male,6787
314,Eliot Bickley,ebickley8p@washington.edu,Male,5962
315,Linell Barby,lbarby8q@dagondesign.com,Female,3833
316,Murry Wones,mwones8r@epa.gov,Male,3416
317,Lothaire Hailey,lhailey8s@youtu.be,Male,2668
318,Hi Byass,hbyass8t@a8.net,Male,2032
319,Dacia Hugett,dhugett8u@sakura.ne.jp,Female,4183
320,Emmalynn Clarke-Williams,eclarkewilliams8v@reuters.com,Female,2743
321,Culley Cron,ccron8w@psu.edu,Male,6085
322,Caye Akister,cakister8x@lycos.com,Female,3512
323,Jerrold Gommowe,jgommowe8y@list-manage.com,Male,3875
324,Willyt Hillyatt,whillyatt8z@npr.org,Female,6055
325,Analiese Lewis,alewis90@xing.com,Female,3469
326,Cris Branche,cbranche91@ezinearticles.com,Male,5968
327,Clarice Thomas,cthomas92@angelfire.com,Female,3878
328,Marlowe Wolpert,mwolpert93@java.com,Male,5754
329,Kassi Kenealy,kkenealy94@comcast.net,Female,5449
330,Corinne Leel,cleel95@chronoengine.com,Female,6963
331,Maitilde Fuller,mfuller96@skype.com,Female,5567
332,Evvie Foxwell,efoxwell97@issuu.com,Female,4805
333,Cchaddie Redpath,credpath98@washingtonpost.com,Male,3077
334,Ingra Sandford,isandford99@deliciousdays.com,Male,6618
335,Lindsay Beringer,lberinger9a@weibo.com,Female,5477
336,Leslie Labrone,llabrone9b@walmart.com,Male,3855
337,Mil Whitten,mwhitten9c@paginegialle.it,Female,5504
338,Vachel Nisen,vnisen9d@furl.net,Male,5369
339,Ellis Jentin,ejentin9e@soup.io,Male,5333
340,Kania Sebring,ksebring9f@salon.com,Female,4022
341,Bili Nice,bnice9g@apache.org,Female,6600
342,Nyssa Aimer,naimer9h@ebay.com,Female,2610
343,Benyamin Daughtrey,bdaughtrey9i@issuu.com,Male,6400
344,Carolina Kornel,ckornel9j@miitbeian.gov.cn,Female,4497
345,Ricki Trimnell,rtrimnell9k@jigsy.com,Female,5393
346,Kayley Dewen,kdewen9l@ask.com,Female,6574
347,Randolph O'Fergus,rofergus9m@aboutads.info,Male,4901
348,Wilow Kain,wkain9n@senate.gov,Female,2170
349,Carleen Martin,cmartin9o@msn.com,Female,3980
350,Georgianna Valero,gvalero9p@nature.com,Female,4826
351,Nichols Jacqueme,njacqueme9q@eventbrite.com,Male,4747
352,Dario Kitchiner,dkitchiner9r@tinypic.com,Male,2033
353,Jana Sawbridge,jsawbridge9s@rambler.ru,Female,2848
354,Farly Brogden,fbrogden9t@friendfeed.com,Male,4307
355,Ashley Genese,agenese9u@wikia.com,Male,2870
356,Sofia Kedwell,skedwell9v@nps.gov,Female,2433
357,Munmro Giaomozzo,mgiaomozzo9w@devhub.com,Male,5042
358,Corny Wardlow,cwardlow9x@wikipedia.org,Female,6892
359,Roselin Youthed,ryouthed9y@nps.gov,Female,5459
360,Fey Sheaber,fsheaber9z@webmd.com,Female,3882
361,Dore Kimble,dkimblea0@acquirethisname.com,Male,2563
362,Tan Yaxley,tyaxleya1@tinypic.com,Male,2676
363,Jeri Sjostrom,jsjostroma2@infoseek.co.jp,Female,2094
364,Sean Cess,scessa3@netvibes.com,Male,3307
365,Vilma Gaskin,vgaskina4@deliciousdays.com,Female,4286
366,Les De la Feld,ldea5@boston.com,Male,3407
367,Dugald Pauler,dpaulera6@hp.com,Male,3209
368,Garret Feedome,gfeedomea7@newyorker.com,Male,2777
369,Moshe Kristufek,mkristufeka8@miitbeian.gov.cn,Male,3726
370,Averell Gallegos,agallegosa9@linkedin.com,Male,6431
371,Kesley Fall,kfallaa@amazonaws.com,Female,4120
372,Aviva Fealy,afealyab@bloglovin.com,Female,3106
373,Asa Guiso,aguisoac@netlog.com,Male,6428
374,Gertrud Baggally,gbaggallyad@bandcamp.com,Female,6752
375,Janice Gwatkin,jgwatkinae@bravesites.com,Female,3281
376,Germaine Dossantos,gdossantosaf@devhub.com,Female,3675
377,Nollie Peevor,npeevorag@bbb.org,Male,6500
378,Brenden Tincombe,btincombeah@vk.com,Male,5160
379,Nick Cohrs,ncohrsai@photobucket.com,Male,2977
380,Barnebas Esley,besleyaj@joomla.org,Male,6905
381,Hagan Cowper,hcowperak@umich.edu,Male,2211
382,Kyle Cotgrove,kcotgroveal@google.pl,Male,2789
383,Ajay Antoszczyk,aantoszczykam@edublogs.org,Female,5306
384,Brenna Gaishson,bgaishsonan@sogou.com,Female,3769
385,Nikola Cuerdale,ncuerdaleao@usnews.com,Male,4154
386,Dalenna Mouncey,dmounceyap@comsenz.com,Female,5199
387,Seumas Figures,sfiguresaq@baidu.com,Male,5825
388,Siffre Hunter,shunterar@umich.edu,Male,2424
389,Del Spight,dspightas@diigo.com,Male,3388
390,Jedidiah Handlin,jhandlinat@goodreads.com,Male,6591
391,Alice Sitch,asitchau@purevolume.com,Female,3891
392,Paulette Huke,phukeav@aboutads.info,Female,3914
393,Nettie Duffer,ndufferaw@timesonline.co.uk,Female,5934
394,Dasya Di Matteo,ddiax@myspace.com,Female,5279
395,Hoyt Featherstonehaugh,hfeatherstonehaughay@google.fr,Male,5580
396,Carleton Evason,cevasonaz@sbwire.com,Male,2685
397,Janella Targetter,jtargetterb0@theguardian.com,Female,5020
398,Patricia Lantuff,plantuffb1@ameblo.jp,Female,6632
399,Merv Youll,myoullb2@hibu.com,Male,3455
400,Brandi Cradduck,bcradduckb3@free.fr,Female,6268
401,Leon Souttar,lsouttarb4@github.io,Male,6186
402,Sydel Northleigh,snorthleighb5@acquirethisname.com,Female,6539
403,Horst Tuckley,htuckleyb6@pbs.org,Male,2754
404,Jinny Hasnney,jhasnneyb7@army.mil,Female,3227
405,Clareta Minshull,cminshullb8@theatlantic.com,Female,6313
406,Hunt Aloway,halowayb9@ameblo.jp,Male,3604
407,Stephine Redwin,sredwinba@wix.com,Female,2249
408,Winni Foskett,wfoskettbb@ucoz.com,Female,4317
409,Aldin Tonnesen,atonnesenbc@people.com.cn,Male,4092
410,Gram Tabour,gtabourbd@histats.com,Male,4881
411,Cass Pullen,cpullenbe@ebay.com,Male,6978
412,Caril Grime,cgrimebf@vimeo.com,Female,4759
413,Hope Briamo,hbriamobg@sitemeter.com,Female,5402
414,Ricoriki Olive,rolivebh@walmart.com,Male,3006
415,Hermy McTrustie,hmctrustiebi@tamu.edu,Male,5042
416,Hetty Stuchburie,hstuchburiebj@disqus.com,Female,4263
417,Electra Ticksall,eticksallbk@twitpic.com,Female,3487
418,Raimund Arnoll,rarnollbl@washington.edu,Male,2602
419,Davy Brittin,dbrittinbm@google.com.hk,Male,2470
420,Gretel Narrie,gnarriebn@nsw.gov.au,Female,4714
421,Zaneta Spenceley,zspenceleybo@redcross.org,Female,4183
422,Rosalia Codner,rcodnerbp@livejournal.com,Female,4223
423,Adam Laurand,alaurandbq@miitbeian.gov.cn,Male,4969
424,Juieta Tweede,jtweedebr@weather.com,Female,3042
425,Jim Bradtke,jbradtkebs@auda.org.au,Male,2521
426,Sybyl Hasnip,shasnipbt@amazonaws.com,Female,3407
427,Victoria Rosenblum,vrosenblumbu@paginegialle.it,Female,5100
428,Danny Posnett,dposnettbv@elegantthemes.com,Male,4923
429,Rube Belson,rbelsonbw@live.com,Male,4366
430,Chase Lund,clundbx@usatoday.com,Male,6064
431,Xavier Sneller,xsnellerby@feedburner.com,Male,2335
432,Ellis Kerford,ekerfordbz@sitemeter.com,Male,6190
433,Pauly Brightman,pbrightmanc0@imdb.com,Female,6300
434,Sadye Munkley,smunkleyc1@businesswire.com,Female,3280
435,Othilie Westmerland,owestmerlandc2@1688.com,Female,3755
436,Nolie Selwyn,nselwync3@netlog.com,Female,6688
437,Norene Caseley,ncaseleyc4@scribd.com,Female,4804
438,Seana Mellor,smellorc5@fastcompany.com,Female,3915
439,Talya Twede,ttwedec6@tinyurl.com,Female,6496
440,Farica Klugman,fklugmanc7@disqus.com,Female,5141
441,Hugues Tremmel,htremmelc8@oracle.com,Male,2360
442,Waverly Kesper,wkesperc9@taobao.com,Male,4288
443,Bartholomew Ludron,bludronca@spotify.com,Male,6353
444,Yale Warin,ywarincb@oaic.gov.au,Male,4016
445,Eveleen Thairs,ethairscc@edublogs.org,Female,4903
446,Sterne Davidsen,sdavidsencd@unblog.fr,Male,2372
447,Paulie Doige,pdoigece@archive.org,Male,3430
448,Maximo Hazzard,mhazzardcf@mit.edu,Male,3091
449,Louella Pearne,lpearnecg@admin.ch,Female,6483
450,Zaria Neicho,zneichoch@nature.com,Female,3567
451,Munmro Stonary,mstonaryci@blogs.com,Male,5812
452,Marcile MacUchadair,mmacuchadaircj@kickstarter.com,Female,6470
453,Merwin Rosi,mrosick@imgur.com,Male,3578
454,Rea Jacob,rjacobcl@quantcast.com,Female,6989
455,Dalila Tiddy,dtiddycm@zimbio.com,Female,4015
456,Melita Cranmore,mcranmorecn@nyu.edu,Female,2901
457,Shelby Ewbach,sewbachco@merriam-webster.com,Male,5505
458,Bard Georghiou,bgeorghioucp@psu.edu,Male,4664
459,Elvyn Gahan,egahancq@senate.gov,Male,3139
460,Cyrus Loughney,cloughneycr@flavors.me,Male,5343
461,Kaia Coraini,kcorainics@themeforest.net,Female,3825
462,Kassie MacCaughey,kmaccaugheyct@google.ca,Female,4964
463,Antoni Bourgourd,abourgourdcu@omniture.com,Male,6607
464,Marlene Spawforth,mspawforthcv@amazon.de,Female,2110
465,Pacorro Westnage,pwestnagecw@whitehouse.gov,Male,5903
466,Cahra March,cmarchcx@uiuc.edu,Female,6515
467,Conny Charer,ccharercy@cbc.ca,Female,2427
468,Catharine Clandillon,cclandilloncz@dailymail.co.uk,Female,2955
469,Waring Saffrin,wsaffrind0@webeden.co.uk,Male,2615
470,Lyndsie Ayerst,layerstd1@etsy.com,Female,5184
471,Zackariah Wildman,zwildmand2@skyrock.com,Male,5305
472,Ferrel Rasper,frasperd3@barnesandnoble.com,Male,6379
473,Max Brunroth,mbrunrothd4@surveymonkey.com,Male,2212
474,Myriam MacAlpyne,mmacalpyned5@digg.com,Female,3278
475,Miner De Roberto,mded6@a8.net,Male,2126
476,Tanya Raoult,traoultd7@utexas.edu,Female,4705
477,Gerhard Cropp,gcroppd8@noaa.gov,Male,2435
478,Caren Tailour,ctailourd9@wiley.com,Female,4438
479,Dulcie Crayker,dcraykerda@posterous.com,Female,2952
480,Baxy Papes,bpapesdb@drupal.org,Male,4122
481,Waylan Cisson,wcissondc@ucla.edu,Male,2514
482,Tristan Menicomb,tmenicombdd@sakura.ne.jp,Male,3820
483,Idalia Tollit,itollitde@twitpic.com,Female,3197
484,Collen Eighteen,ceighteendf@arizona.edu,Female,6740
485,Nikolai Tattersdill,ntattersdilldg@blog.com,Male,6618
486,Gilda Leyburn,gleyburndh@youku.com,Female,5792
487,Bette Clitsome,bclitsomedi@furl.net,Female,6179
488,Marlena Tetsall,mtetsalldj@ycombinator.com,Female,2486
489,Wallis Hartle,whartledk@howstuffworks.com,Male,3740
490,Adriena Desantis,adesantisdl@histats.com,Female,3417
491,Riannon Bertolin,rbertolindm@sciencedaily.com,Female,3073
492,Tuesday De Robertis,tdedn@gmpg.org,Female,4111
493,Hill Heffernon,hheffernondo@ning.com,Male,6461
494,Odessa Duffit,oduffitdp@shinystat.com,Female,4914
495,Cissy Ruddiforth,cruddiforthdq@is.gd,Female,6078
496,Berri Bockett,bbockettdr@is.gd,Female,6451
497,Diahann Whytock,dwhytockds@cnn.com,Female,6006
498,Nissy Riach,nriachdt@bluehost.com,Female,4002
499,Martita MacKenney,mmackenneydu@twitpic.com,Female,2759
500,Chryste Lenin,clenindv@goo.gl,Female,3799
501,Nicky Staries,nstariesdw@smugmug.com,Female,2256
502,Weylin Knoble,wknobledx@1688.com,Male,2576
503,Arvin Pavlovic,apavlovicdy@t-online.de,Male,6272
504,Terrye Letts,tlettsdz@reddit.com,Female,6103
505,Wake Girodias,wgirodiase0@biglobe.ne.jp,Male,6789
506,Val Dunnaway,vdunnawaye1@businessweek.com,Male,5385
507,Emmaline Londing,elondinge2@pcworld.com,Female,2045
508,Trish Oran,torane3@arizona.edu,Female,3653
509,Suzie Towner,stownere4@ftc.gov,Female,3031
510,Agnes Domonkos,adomonkose5@over-blog.com,Female,6202
511,Reid Berrane,rberranee6@usa.gov,Male,5685
512,Sutherlan Parradye,sparradyee7@sfgate.com,Male,5996
513,Ali Wayman,awaymane8@joomla.org,Female,2267
514,Wakefield Skentelbury,wskentelburye9@boston.com,Male,2263
515,Mavis Morrish,mmorrishea@nydailynews.com,Female,4559
516,Jo-ann Bigham,jbighameb@google.com,Female,5121
517,Olin Readwood,oreadwoodec@sciencedirect.com,Male,2798
518,Hinze Veldens,hveldensed@mozilla.org,Male,6923
519,Si O'Keevan,sokeevanee@theatlantic.com,Male,5826
520,Chandra Tyzack,ctyzackef@bluehost.com,Female,4353
521,Herold Humby,hhumbyeg@yellowbook.com,Male,5933
522,See Syalvester,ssyalvestereh@istockphoto.com,Male,3927
523,Eric Leece,eleeceei@cbsnews.com,Male,5371
524,Husain Le Grice,hleej@canalblog.com,Male,6779
525,Ira Molfino,imolfinoek@rakuten.co.jp,Male,5199
526,Norby Niezen,nniezenel@biblegateway.com,Male,5627
527,Thibaud Dufer,tduferem@tinypic.com,Male,3885
528,Felipe Demetr,fdemetren@sbwire.com,Male,3055
529,Cos Matousek,cmatousekeo@examiner.com,Male,5917
530,Merry Bilbrook,mbilbrookep@tripod.com,Male,2031
531,Fidole Dur,fdureq@nymag.com,Male,2185
532,Alfredo Brimley,abrimleyer@bizjournals.com,Male,5798
533,Glenn Dickey,gdickeyes@yellowbook.com,Female,6876
534,Haydon Napoli,hnapoliet@ask.com,Male,6396
535,Derril Scurlock,dscurlockeu@nbcnews.com,Male,3115
536,Alon Lamperti,alampertiev@rambler.ru,Male,3523
537,Codie Muggeridge,cmuggeridgeew@bloglovin.com,Male,4913
538,Ernestus Winterbourne,ewinterbourneex@simplemachines.org,Male,3960
539,Sebastian Kingsly,skingslyey@posterous.com,Male,2966
540,Heinrick Cursons,hcursonsez@behance.net,Male,3869
541,Keelby Tilliards,ktilliardsf0@prlog.org,Male,2078
542,Micheil Sirey,msireyf1@jigsy.com,Male,6375
543,Josee Rodenhurst,jrodenhurstf2@jimdo.com,Female,6083
544,Elyssa Del Castello,edelf3@yandex.ru,Female,5403
545,Thedrick Klimentyonok,tklimentyonokf4@histats.com,Male,4743
546,Cyrus Lovekin,clovekinf5@ted.com,Male,4606
547,Joan Antonich,jantonichf6@redcross.org,Female,3451
548,Ella Healy,ehealyf7@oakley.com,Female,3160
549,Josefa Ventom,jventomf8@ovh.net,Female,4907
550,Vincents Macvain,vmacvainf9@chicagotribune.com,Male,2716
551,Amalea Garn,agarnfa@opensource.org,Female,5896
552,Antonin Cahan,acahanfb@usda.gov,Male,5354
553,Weidar Ramsden,wramsdenfc@sfgate.com,Male,4598
554,Karney Darque,kdarquefd@gnu.org,Male,4341
555,Sam Kondrachenko,skondrachenkofe@joomla.org,Female,6392
556,Brent Weavers,bweaversff@zdnet.com,Male,2791
557,Clyde O'Fearguise,cofearguisefg@washington.edu,Male,6707
558,Lorrin Joberne,ljobernefh@discuz.net,Female,5582
559,Travis Russell,trussellfi@vk.com,Male,6097
560,Shelby Osgorby,sosgorbyfj@hibu.com,Male,2424
561,Elicia Jochens,ejochensfk@cornell.edu,Female,5228
562,Tallie Fernanando,tfernanandofl@flickr.com,Male,4600
563,Sibel Ollington,sollingtonfm@mediafire.com,Female,6458
564,Daphne Pounder,dpounderfn@netscape.com,Female,4537
565,Esteban Marini,emarinifo@github.com,Male,5158
566,Kelsey Canet,kcanetfp@buzzfeed.com,Female,6196
567,Milty Horbath,mhorbathfq@behance.net,Male,2126
568,Bambie Noe,bnoefr@apple.com,Female,6690
569,Koralle Winter,kwinterfs@spotify.com,Female,6425
570,Hillary Elcock,helcockft@ow.ly,Male,2990
571,Lindon Mears,lmearsfu@ftc.gov,Male,6944
572,Merna Holbie,mholbiefv@tripod.com,Female,2645
573,Freemon Andrivel,fandrivelfw@springer.com,Male,6997
574,Gerrie Rand,grandfx@boston.com,Female,5248
575,Allie Daviddi,adaviddify@omniture.com,Female,3266
576,Alberik McGirr,amcgirrfz@msu.edu,Male,4890
577,Rebecka McAnellye,rmcanellyeg0@examiner.com,Female,2615
578,Nils Dalgarnowch,ndalgarnowchg1@nih.gov,Male,3172
579,Franky Gumme,fgummeg2@ustream.tv,Female,6779
580,Elbertine Oppy,eoppyg3@sitemeter.com,Female,2328
581,Ewen Callicott,ecallicottg4@nba.com,Male,4064
582,Marlo Grimsditch,mgrimsditchg5@ibm.com,Female,5632
583,Lance Haffenden,lhaffendeng6@ft.com,Male,6247
584,Con Jopson,cjopsong7@unesco.org,Female,2147
585,Vera Sheppard,vsheppardg8@g.co,Female,4830
586,Chip Songhurst,csonghurstg9@go.com,Male,5003
587,Aubree Barhims,abarhimsga@freewebs.com,Female,5372
588,Rayna Leifer,rleifergb@statcounter.com,Female,6177
589,Jillana Diess,jdiessgc@discuz.net,Female,5776
590,Josephina Jennins,jjenninsgd@noaa.gov,Female,6395
591,Agnese Flindall,aflindallge@nih.gov,Female,6419
592,Delainey Rangall,drangallgf@issuu.com,Male,2002
593,Brandi Dakhov,bdakhovgg@umich.edu,Female,4805
594,Mendy Maving,mmavinggh@un.org,Male,5994
595,Vida Budgey,vbudgeygi@altervista.org,Female,6031
596,Eddy Medendorp,emedendorpgj@scientificamerican.com,Male,2926
597,Svend Harford,sharfordgk@msn.com,Male,6927
598,Lilli Dowderswell,ldowderswellgl@blogger.com,Female,4961
599,Evelyn Fantin,efantingm@harvard.edu,Male,3487
600,Sydney Blockey,sblockeygn@addtoany.com,Female,6984
601,Ariel Tarry,atarrygo@disqus.com,Male,4354
602,Amata McArley,amcarleygp@latimes.com,Female,4224
603,Julienne Nowaczyk,jnowaczykgq@issuu.com,Female,4755
604,Ariela Petric,apetricgr@creativecommons.org,Female,4481
605,Lenora Levesque,llevesquegs@mac.com,Female,5388
606,Nevins Loomes,nloomesgt@imgur.com,Male,6728
607,Clyde Brunesco,cbrunescogu@homestead.com,Male,3550
608,Nichole Swane,nswanegv@washington.edu,Male,3904
609,Lauren Maro,lmarogw@slate.com,Female,2599
610,Ajay McKain,amckaingx@google.ru,Female,2574
611,Katlin Lemin,klemingy@mediafire.com,Female,4591
612,Hamlin Maasz,hmaaszgz@amazonaws.com,Male,6425
613,Benedetto Archambault,barchambaulth0@jimdo.com,Male,6507
614,Orly Apthorpe,oapthorpeh1@usnews.com,Female,5236
615,Alfons Kingswold,akingswoldh2@angelfire.com,Male,4580
616,Norene Hanscombe,nhanscombeh3@google.com.au,Female,2375
617,Giorgi Trump,gtrumph4@dedecms.com,Male,2628
618,Alfi Ingrey,aingreyh5@unblog.fr,Female,3548
619,Pattie Brien,pbrienh6@cpanel.net,Male,5494
620,Zelig Skiplorne,zskiplorneh7@wordpress.com,Male,6821
621,Ingelbert Shervil,ishervilh8@yandex.ru,Male,3272
622,Normand Grubey,ngrubeyh9@blogger.com,Male,4063
623,John Muir,jmuirha@google.es,Male,6617
624,Diego Puddle,dpuddlehb@hp.com,Male,4661
625,Itch Dyott,idyotthc@com.com,Male,2865
626,Jeremy Hutchins,jhutchinshd@etsy.com,Male,2361
627,Celinka Chinnick,cchinnickhe@pen.io,Female,2110
628,Creight Gerram,cgerramhf@ox.ac.uk,Male,6569
629,Phil Jina,pjinahg@census.gov,Male,2237
630,Evaleen Fetter,efetterhh@godaddy.com,Female,4087
631,Padriac Barnaby,pbarnabyhi@census.gov,Male,6244
632,Lyn Hillan,lhillanhj@icq.com,Male,5770
633,Jennica Trevain,jtrevainhk@arstechnica.com,Female,5106
634,Mercedes Mayzes,mmayzeshl@booking.com,Female,3899
635,Fernandina Marielle,fmariellehm@usda.gov,Female,6718
636,Ilario Akid,iakidhn@ycombinator.com,Male,6937
637,Noell Casely,ncaselyho@deliciousdays.com,Female,6842
638,Nicoline Paule,npaulehp@dailymail.co.uk,Female,5674
639,Cash Loosemore,cloosemorehq@technorati.com,Male,6927
640,Inge Oddey,ioddeyhr@youku.com,Female,4405
641,Blakelee Luten,blutenhs@webnode.com,Female,4007
642,Juanita Duce,jduceht@princeton.edu,Female,6679
643,Jade Croucher,jcroucherhu@theatlantic.com,Female,2056
644,Grenville Guerrazzi,gguerrazzihv@latimes.com,Male,5971
645,Maurizia Longfield,mlongfieldhw@rediff.com,Female,3652
646,Shani Chevis,schevishx@earthlink.net,Female,6530
647,Stefania Syrett,ssyretthy@alexa.com,Female,2452
648,Kristi Beavors,kbeavorshz@gnu.org,Female,2215
649,Nanette Pawelczyk,npawelczyki0@theglobeandmail.com,Female,2761
650,Rad Skae,rskaei1@123-reg.co.uk,Male,6136
651,Tulley Chene,tchenei2@delicious.com,Male,6663
652,Karisa Hefner,khefneri3@oracle.com,Female,6806
653,Vilma Jansens,vjansensi4@cargocollective.com,Female,5262
654,Erin Matula,ematulai5@g.co,Male,3953
655,Rodina Swainson,rswainsoni6@skyrock.com,Female,2102
656,Dirk Buttress,dbuttressi7@businesswire.com,Male,6898
657,Heywood Drinkwater,hdrinkwateri8@bandcamp.com,Male,3009
658,Cristine Readshaw,creadshawi9@purevolume.com,Female,2244
659,Elenore Arden,eardenia@chicagotribune.com,Female,2030
660,Alethea Gregson,agregsonib@ihg.com,Female,3908
661,Marcelo Ricioppo,mricioppoic@cyberchimps.com,Male,2492
662,Elisha Rigmond,erigmondid@diigo.com,Male,2737
663,Vernor Dun,vdunie@go.com,Male,2963
664,Tilly Ferries,tferriesif@tuttocitta.it,Female,4249
665,Thomasa Dumbleton,tdumbletonig@yahoo.co.jp,Female,3106
666,Meaghan Ocheltree,mocheltreeih@xing.com,Female,2879
667,Aviva Kestell,akestellii@nsw.gov.au,Female,6378
668,Darwin Slocom,dslocomij@eepurl.com,Male,4983
669,Morly Mullaly,mmullalyik@wunderground.com,Male,3388
670,Karena Wilse,kwilseil@disqus.com,Female,3219
671,Jedediah Harcarse,jharcarseim@examiner.com,Male,4261
672,Pietro Obell,pobellin@google.pl,Male,3006
673,Erin Dur,edurio@cargocollective.com,Male,6264
674,Creighton Melhuish,cmelhuiship@apple.com,Male,6218
675,Janaya Peer,jpeeriq@youtube.com,Female,3827
676,Sol McClurg,smcclurgir@globo.com,Male,4759
677,Trudie Annandale,tannandaleis@blinklist.com,Female,2574
678,Curr Staining,cstainingit@usatoday.com,Male,4900
679,Niall Maypes,nmaypesiu@foxnews.com,Male,5741
680,Cate Imison,cimisoniv@g.co,Female,6545
681,Billi Dalziel,bdalzieliw@ameblo.jp,Female,6553
682,Theodora Nisen,tnisenix@umn.edu,Female,4328
683,Towny Tysall,ttysalliy@canalblog.com,Male,2311
684,Raven Thaine,rthaineiz@freewebs.com,Female,6776
685,Clare Niesel,cnieselj0@prnewswire.com,Male,5911
686,Tarrance Ennever,tenneverj1@berkeley.edu,Male,3808
687,Ruthie Brambley,rbrambleyj2@tinypic.com,Female,4157
688,Genevieve Rubel,grubelj3@list-manage.com,Female,6535
689,Harald Runnicles,hrunniclesj4@yolasite.com,Male,4308
690,Glenden Rudland,grudlandj5@blog.com,Male,5827
691,Alaster Merdew,amerdewj6@wix.com,Male,4388
692,Torrin Madge,tmadgej7@storify.com,Male,3040
693,Jasper Godman,jgodmanj8@weather.com,Male,6109
694,Stephannie Scapens,sscapensj9@plala.or.jp,Female,3117
695,Sergeant Shelsher,sshelsherja@istockphoto.com,Male,2390
696,Val Tripe,vtripejb@alexa.com,Female,5647
697,Nicolette Veall,nvealljc@nydailynews.com,Female,6945
698,Jolynn Fairbrass,jfairbrassjd@diigo.com,Female,3396
699,Yulma Huyge,yhuygeje@soup.io,Male,2820
700,Savina Thunnerclef,sthunnerclefjf@mac.com,Female,2507
701,Virginie Beagrie,vbeagriejg@intel.com,Female,4402
702,Lorettalorna Tamburi,ltamburijh@odnoklassniki.ru,Female,6518
703,Maryjo Byres,mbyresji@meetup.com,Female,5746
704,Gilly Truin,gtruinjj@umn.edu,Female,5310
705,Bancroft Faires,bfairesjk@sohu.com,Male,6790
706,Martie Rottgers,mrottgersjl@printfriendly.com,Female,6481
707,Muhammad Fitch,mfitchjm@so-net.ne.jp,Male,3038
708,Ava Habbin,ahabbinjn@aboutads.info,Female,4121
709,Towny Rousel,trouseljo@ucla.edu,Male,2094
710,Kora Wildes,kwildesjp@go.com,Female,5623
711,Brigitta Mallender,bmallenderjq@hibu.com,Female,6100
712,Janos O'Luney,joluneyjr@mapquest.com,Male,3826
713,Sean Manion,smanionjs@tiny.cc,Female,6678
714,Kinsley De Ferrari,kdejt@cam.ac.uk,Male,5724
715,Casi Cicconettii,ccicconettiiju@accuweather.com,Female,5867
716,Darryl Tregale,dtregalejv@baidu.com,Female,5925
717,Carlota Binley,cbinleyjw@bizjournals.com,Female,2773
718,Lamond Oxer,loxerjx@hostgator.com,Male,4152
719,Tandi Ivermee,tivermeejy@aboutads.info,Female,6731
720,Moss Grime,mgrimejz@vimeo.com,Male,3006
721,Roshelle Varne,rvarnek0@privacy.gov.au,Female,2559
722,Rodi Book,rbookk1@indiegogo.com,Female,6631
723,Rebecka Afield,rafieldk2@ning.com,Female,2900
724,Margalit Giacobazzi,mgiacobazzik3@youtube.com,Female,5301
725,Hephzibah Cockrill,hcockrillk4@house.gov,Female,3771
726,Cull Chapling,cchaplingk5@wired.com,Male,4265
727,Hanny Groll,hgrollk6@geocities.com,Female,4898
728,Paolina Calafate,pcalafatek7@lulu.com,Female,2864
729,Catharine Casaccio,ccasacciok8@etsy.com,Female,6346
730,Vanya Odeson,vodesonk9@tmall.com,Female,5272
731,Curcio Gallaher,cgallaherka@usgs.gov,Male,4653
732,Karie Hankard,khankardkb@merriam-webster.com,Female,5561
733,Katy Strood,kstroodkc@usnews.com,Female,3680
734,Fedora Millberg,fmillbergkd@smugmug.com,Female,4358
735,Clarance Playfair,cplayfairke@yellowpages.com,Male,3263
736,Link Boat,lboatkf@fotki.com,Male,6764
737,Yves Rudram,yrudramkg@livejournal.com,Male,5415
738,Bernete Rodolico,brodolicokh@theglobeandmail.com,Female,3863
739,Kale Dries,kdrieski@barnesandnoble.com,Male,6079
740,Willem Skelhorn,wskelhornkj@prlog.org,Male,6824
741,Marigold Elks,melkskk@linkedin.com,Female,2443
742,Fey Shrubb,fshrubbkl@ocn.ne.jp,Female,3824
743,Floria Sargeant,fsargeantkm@blog.com,Female,4714
744,Denis Chard,dchardkn@reddit.com,Male,5225
745,Donia Aggis,daggisko@163.com,Female,5020
746,Basilius Brownrigg,bbrownriggkp@elegantthemes.com,Male,3409
747,Susan Claypole,sclaypolekq@sciencedirect.com,Female,6400
748,Townsend Abbotts,tabbottskr@zimbio.com,Male,3167
749,Hashim Mattia,hmattiaks@about.me,Male,2083
750,Marlo Mawditt,mmawdittkt@harvard.edu,Female,2636
751,Drona Barsam,dbarsamku@canalblog.com,Female,5555
752,Jaime Dimitriades,jdimitriadeskv@opensource.org,Female,5044
753,Nilson Whopples,nwhoppleskw@nifty.com,Male,3362
754,Aldric Iacovides,aiacovideskx@flavors.me,Male,3166
755,Benedick Arniz,barnizky@house.gov,Male,2108
756,Marlena Coulman,mcoulmankz@loc.gov,Female,6829
757,Stephi Dumbar,sdumbarl0@mit.edu,Female,5929
758,Meryl McKibben,mmckibbenl1@scientificamerican.com,Male,5326
759,Laureen Rigby,lrigbyl2@narod.ru,Female,5783
760,Noelyn Attack,nattackl3@ted.com,Female,3230
761,Karisa Sueter,ksueterl4@dmoz.org,Female,3410
762,Jeanelle Jarrad,jjarradl5@tinypic.com,Female,2731
763,Mellisa Winchurst,mwinchurstl6@alexa.com,Female,5039
764,Hakim Godber,hgodberl7@wikispaces.com,Male,2358
765,Nissy Aitchinson,naitchinsonl8@imdb.com,Female,5026
766,Chiquia Curton,ccurtonl9@noaa.gov,Female,3532
767,Wolf Chong,wchongla@opensource.org,Male,3480
768,Lonnie Garrood,lgarroodlb@ycombinator.com,Male,4350
769,Angelika Giacopazzi,agiacopazzilc@naver.com,Female,4449
770,Kirby Yewdale,kyewdaleld@123-reg.co.uk,Male,4735
771,Roch Eckford,reckfordle@soundcloud.com,Female,6283
772,Shell Rawcliff,srawclifflf@drupal.org,Female,4812
773,Genvieve Kelledy,gkelledylg@youtube.com,Female,5509
774,Otes Wylie,owylielh@ibm.com,Male,5075
775,Ingamar Rutigliano,irutiglianoli@t-online.de,Male,6875
776,Sissy Ciobutaru,sciobutarulj@pbs.org,Female,3488
777,Burl Kempson,bkempsonlk@amazonaws.com,Male,3270
778,Silvio Pocklington,spocklingtonll@eepurl.com,Male,5294
779,Cal Mearing,cmearinglm@reuters.com,Female,3732
780,Beck Domoni,bdomoniln@nymag.com,Male,2613
781,Karil Dyne,kdynelo@cyberchimps.com,Female,6966
782,Ingamar Vodden,ivoddenlp@ustream.tv,Male,5530
783,Rosamond Dundon,rdundonlq@wordpress.com,Female,3085
784,Chester Dobkin,cdobkinlr@cargocollective.com,Male,2673
785,Orlan Wolfendale,owolfendalels@mozilla.com,Male,2561
786,Wilie Deniscke,wdenisckelt@sohu.com,Female,6953
787,Gregg Kacheller,gkachellerlu@wikipedia.org,Male,2169
788,Gerda Kensington,gkensingtonlv@columbia.edu,Female,4980
789,Rozelle Pinder,rpinderlw@fc2.com,Female,4854
790,Dagny Satford,dsatfordlx@patch.com,Male,6148
791,Josias Dudliston,jdudlistonly@economist.com,Male,3268
792,Olivia Raselles,oraselleslz@liveinternet.ru,Female,2815
793,Warner Tooting,wtootingm0@t-online.de,Male,2385
794,Karin Hounihan,khounihanm1@noaa.gov,Female,6755
795,Urbain Ogers,uogersm2@fotki.com,Male,2457
796,Adelice Cristobal,acristobalm3@blogs.com,Female,6848
797,Onida MacGinney,omacginneym4@com.com,Female,5954
798,Nicola Millership,nmillershipm5@shareasale.com,Male,3139
799,Orsa Yemm,oyemmm6@tripod.com,Female,6871
800,Winifield Gouda,wgoudam7@sbwire.com,Male,5251
801,Kylila Copping,kcoppingm8@networkadvertising.org,Female,4334
802,Dall Barrasse,dbarrassem9@oakley.com,Male,3715
803,Cello Aspray,casprayma@cornell.edu,Male,2229
804,Lazar Ambrogini,lambroginimb@elegantthemes.com,Male,5740
805,Caesar Silveston,csilvestonmc@ox.ac.uk,Male,6878
806,Nahum Bancroft,nbancroftmd@imageshack.us,Male,4255
807,Wash Reisin,wreisinme@barnesandnoble.com,Male,2303
808,Melamie Deam,mdeammf@uol.com.br,Female,6794
809,Devlen Beurich,dbeurichmg@scientificamerican.com,Male,2287
810,Kennedy McKune,kmckunemh@acquirethisname.com,Male,2595
811,Kizzie Maggill'Andreis,kmaggillandreismi@etsy.com,Female,2935
812,Alina Newport,anewportmj@weibo.com,Female,5371
813,Papageno Everley,peverleymk@php.net,Male,3929
814,Hastings Loweth,hlowethml@themeforest.net,Male,3528
815,Welch Du Fray,wdumm@goodreads.com,Male,6377
816,Kippy Wooderson,kwoodersonmn@ted.com,Female,5720
817,Appolonia Ivens,aivensmo@cbc.ca,Female,6876
818,Dieter Tonkes,dtonkesmp@fotki.com,Male,5632
819,Ellene Waymont,ewaymontmq@mediafire.com,Female,4097
820,Marybeth Cambridge,mcambridgemr@phpbb.com,Female,5612
821,Teodorico Rudiger,trudigerms@scientificamerican.com,Male,6686
822,Tammara Speer,tspeermt@state.gov,Female,4969
823,Libbie Templman,ltemplmanmu@booking.com,Female,6883
824,Joscelin Shallcrass,jshallcrassmv@photobucket.com,Female,6071
825,Lissy Schoular,lschoularmw@about.me,Female,5912
826,Shandy Wardhaugh,swardhaughmx@wufoo.com,Female,4322
827,Eugene Dallas,edallasmy@slashdot.org,Male,2629
828,Vilma Chelsom,vchelsommz@prnewswire.com,Female,5620
829,Luciano Antonelli,lantonellin0@alexa.com,Male,4046
830,Kelcey Garfath,kgarfathn1@amazon.de,Female,5634
831,Lazare Delicate,ldelicaten2@fastcompany.com,Male,5010
832,Joy Tippetts,jtippettsn3@privacy.gov.au,Female,3414
833,Aluin Gumery,agumeryn4@princeton.edu,Male,5281
834,Henderson Rawstorne,hrawstornen5@marriott.com,Male,2878
835,Licha Kusick,lkusickn6@drupal.org,Female,5124
836,Kerrill Geffen,kgeffenn7@flavors.me,Female,4965
837,Jessie Mellenby,jmellenbyn8@buzzfeed.com,Male,5820
838,Betsy Stephens,bstephensn9@yandex.ru,Female,3740
839,Sky Meyrick,smeyrickna@blinklist.com,Male,3527
840,Shurlock Rochford,srochfordnb@vistaprint.com,Male,2086
841,Eunice Dineen,edineennc@businessinsider.com,Female,2627
842,Kerry Hylden,khyldennd@tmall.com,Male,2952
843,Alfons Petworth,apetworthne@surveymonkey.com,Male,6560
844,Vivi Fourman,vfourmannf@taobao.com,Female,4193
845,Conant Seif,cseifng@dot.gov,Male,2713
846,York Janoschek,yjanoscheknh@adobe.com,Male,4563
847,Lura Sykes,lsykesni@cornell.edu,Female,5919
848,Herb Boldison,hboldisonnj@dyndns.org,Male,6912
849,Carroll Aumerle,caumerlenk@altervista.org,Male,4637
850,Mireille De Antoni,mdenl@earthlink.net,Female,6035
851,Sabina Marran,smarrannm@a8.net,Female,6946
852,Shalne Abel,sabelnn@nyu.edu,Female,3409
853,Price Riggeard,priggeardno@epa.gov,Male,4585
854,Katrine Kristufek,kkristufeknp@angelfire.com,Female,3429
855,Clair Gemnett,cgemnettnq@reddit.com,Male,3555
856,Lanny Phillip,lphillipnr@godaddy.com,Male,4706
857,Justinian Beeckx,jbeeckxns@imageshack.us,Male,4625
858,Cathrin Wolverson,cwolversonnt@devhub.com,Female,4787
859,Nicolina Keene,nkeenenu@topsy.com,Female,2625
860,Helenka Ciccone,hcicconenv@google.cn,Female,4436
861,Chan Stendall,cstendallnw@smugmug.com,Male,5809
862,Trip Coulthurst,tcoulthurstnx@fastcompany.com,Male,5275
863,Carroll Gilhoolie,cgilhoolieny@woothemes.com,Female,5943
864,Anallese Cressar,acressarnz@ed.gov,Female,4288
865,Anne-marie Issacof,aissacofo0@apache.org,Female,2692
866,Celie Cromly,ccromlyo1@census.gov,Female,4403
867,Dayle Cheine,dcheineo2@t.co,Female,4619
868,Nels de Mendoza,ndeo3@facebook.com,Male,2737
869,Jewel Jeckells,jjeckellso4@loc.gov,Female,3638
870,Ruthe Curless,rcurlesso5@cisco.com,Female,3081
871,Roberto Catteroll,rcatterollo6@patch.com,Male,2179
872,Verney Lumsdaine,vlumsdaineo7@facebook.com,Male,5470
873,Retha Brownsmith,rbrownsmitho8@drupal.org,Female,3525
874,Demetrius Firle,dfirleo9@merriam-webster.com,Male,5413
875,Ozzie Matokhnin,omatokhninoa@constantcontact.com,Male,3564
876,Alexina Shirer,ashirerob@flavors.me,Female,6464
877,Fredrika Stobo,fstobooc@eventbrite.com,Female,5877
878,Antonietta McNess,amcnessod@linkedin.com,Female,5708
879,Obadiah Listone,olistoneoe@fc2.com,Male,5911
880,Vaclav Duprey,vdupreyof@hexun.com,Male,5917
881,Olag Baily,obailyog@people.com.cn,Male,3665
882,Gwenneth Brogi,gbrogioh@cargocollective.com,Female,5114
883,Germaine Lundbech,glundbechoi@un.org,Male,4705
884,Esma Jarrel,ejarreloj@github.com,Female,6251
885,Gordy Forsyth,gforsythok@mit.edu,Male,3459
886,Shane Jozwicki,sjozwickiol@businessinsider.com,Male,5675
887,Emmerich Jouandet,ejouandetom@vkontakte.ru,Male,6582
888,Gates Skeats,gskeatson@stumbleupon.com,Female,2042
889,Elisha Ballston,eballstonoo@feedburner.com,Male,3943
890,Dido Viccars,dviccarsop@webs.com,Female,4748
891,Willyt Moquin,wmoquinoq@clickbank.net,Female,4523
892,Teddi Brood,tbroodor@wufoo.com,Female,4132
893,Belicia Tudbald,btudbaldos@flavors.me,Female,6139
894,Chelsae Aldritt,caldrittot@guardian.co.uk,Female,3619
895,Remus Tabor,rtaborou@globo.com,Male,6733
896,Cyndia Mc Gee,cmcov@tuttocitta.it,Female,6809
897,Guglielmo Pullar,gpullarow@nydailynews.com,Male,4966
898,Marmaduke Jackes,mjackesox@senate.gov,Male,5101
899,Winston Pauleau,wpauleauoy@independent.co.uk,Male,5175
900,Layton Pace,lpaceoz@earthlink.net,Male,3660
901,Mace Khomin,mkhominp0@yellowpages.com,Male,2877
902,Delly Le Grice,dlep1@tmall.com,Female,5918
903,Shelden Kingwell,skingwellp2@arizona.edu,Male,2509
904,Charley Vest,cvestp3@accuweather.com,Male,6563
905,Isobel Scatcher,iscatcherp4@toplist.cz,Female,3349
906,Allsun Jordanson,ajordansonp5@ow.ly,Female,2486
907,Dita Dashper,ddashperp6@xinhuanet.com,Female,3367
908,Lucilia Sorsbie,lsorsbiep7@booking.com,Female,3638
909,Lettie Eady,leadyp8@cnn.com,Female,3764
910,Parsifal Kedie,pkediep9@rakuten.co.jp,Male,6318
911,Joleen Mander,jmanderpa@histats.com,Female,6181
912,Charis Camellini,ccamellinipb@ameblo.jp,Female,2358
913,Alon Spur,aspurpc@tinyurl.com,Male,2334
914,Breanne Moorman,bmoormanpd@rambler.ru,Female,2431
915,Denni Weymouth,dweymouthpe@over-blog.com,Female,6158
916,Addie Reaney,areaneypf@tumblr.com,Female,2465
917,Brianne Curson,bcursonpg@cornell.edu,Female,6853
918,Maxy Fransman,mfransmanph@w3.org,Female,3761
919,Aidan Synke,asynkepi@army.mil,Female,3177
920,Charis Broxton,cbroxtonpj@earthlink.net,Female,2662
921,Mirelle Brittles,mbrittlespk@fotki.com,Female,3316
922,Amalle Smellie,asmelliepl@va.gov,Female,3757
923,Teddie Ewen,tewenpm@wisc.edu,Female,5878
924,Rouvin Maxstead,rmaxsteadpn@dmoz.org,Male,3693
925,Wye Starcks,wstarckspo@usa.gov,Male,4066
926,Leigh Hooke,lhookepp@webnode.com,Female,2219
927,Lucian Safe,lsafepq@mashable.com,Male,2436
928,Archaimbaud Roumier,aroumierpr@eventbrite.com,Male,5877
929,Niko Losselyong,nlosselyongps@barnesandnoble.com,Male,2363
930,Joyce Kimmins,jkimminspt@noaa.gov,Female,2923
931,Tomi Eddisford,teddisfordpu@omniture.com,Female,5526
932,Jonathon Richley,jrichleypv@yahoo.co.jp,Male,3111
933,Angie Reddick,areddickpw@dell.com,Male,4464
934,Calli Christofle,cchristoflepx@jiathis.com,Female,2551
935,Gordy Lean,gleanpy@storify.com,Male,3830
936,Conrado Folomkin,cfolomkinpz@businessinsider.com,Male,2701
937,Britney Poxson,bpoxsonq0@ovh.net,Female,6754
938,Rozalie Bridgewood,rbridgewoodq1@army.mil,Female,6569
939,Florence MacPhaden,fmacphadenq2@indiegogo.com,Female,3326
940,Rozanna Blaschek,rblaschekq3@earthlink.net,Female,6774
941,Vinnie Aurelius,vaureliusq4@noaa.gov,Male,3556
942,Elaina Cranstone,ecranstoneq5@1688.com,Female,5881
943,Wilona Perri,wperriq6@1688.com,Female,2032
944,Jasun Blaycock,jblaycockq7@amazon.co.uk,Male,6477
945,Enid Swannell,eswannellq8@youku.com,Female,3603
946,Cinderella Geertje,cgeertjeq9@livejournal.com,Female,3676
947,Demetre Hawlgarth,dhawlgarthqa@webmd.com,Male,6897
948,Mateo Endley,mendleyqb@squidoo.com,Male,3717
949,Avictor Moodey,amoodeyqc@miitbeian.gov.cn,Male,6489
950,Nanette Mogridge,nmogridgeqd@slashdot.org,Female,5891
951,Juli Angrove,jangroveqe@state.gov,Female,4969
952,Roobbie Kliemchen,rkliemchenqf@people.com.cn,Female,3836
953,Honey Kingsley,hkingsleyqg@booking.com,Female,2159
954,Xena Broxup,xbroxupqh@craigslist.org,Female,5755
955,Uri Barrim,ubarrimqi@gravatar.com,Male,4918
956,Roxi Doodney,rdoodneyqj@answers.com,Female,6038
957,Maxie Cumberbatch,mcumberbatchqk@ustream.tv,Male,2452
958,Karry Malling,kmallingql@elpais.com,Female,2032
959,Goldarina Doidge,gdoidgeqm@yellowpages.com,Female,6200
960,Tyson Tombling,ttomblingqn@springer.com,Male,6652
961,Rab Dobsons,rdobsonsqo@zdnet.com,Male,2302
962,Katharina Scotney,kscotneyqp@ameblo.jp,Female,6010
963,Rhiamon Strelitzer,rstrelitzerqq@fda.gov,Female,6878
964,Inger Mathewson,imathewsonqr@howstuffworks.com,Female,3435
965,Barrie Chittie,bchittieqs@si.edu,Female,4951
966,Sidonnie Pashley,spashleyqt@ucsd.edu,Female,5580
967,Erasmus Durtnel,edurtnelqu@constantcontact.com,Male,4800
968,Maribelle Trivett,mtrivettqv@deliciousdays.com,Female,6451
969,Gil Muglestone,gmuglestoneqw@bbb.org,Male,5120
970,Rriocard Potkins,rpotkinsqx@printfriendly.com,Male,5182
971,Bonnee Gaffney,bgaffneyqy@columbia.edu,Female,2589
972,L;urette Tordiffe,ltordiffeqz@usnews.com,Female,2020
973,Ernst Fydoe,efydoer0@nytimes.com,Male,6262
974,Catlaina Blockey,cblockeyr1@craigslist.org,Female,3506
975,Randy Brotheridge,rbrotheridger2@usatoday.com,Female,2533
976,Alejandro Culwen,aculwenr3@google.com.br,Male,3119
977,Gun Callway,gcallwayr4@lycos.com,Male,5319
978,Tamarra Dowle,tdowler5@weebly.com,Female,3397
979,Baird Martinelli,bmartinellir6@woothemes.com,Male,2216
980,Talya Leidecker,tleideckerr7@google.it,Female,3537
981,Diego Shippard,dshippardr8@ebay.com,Male,6491
982,Avram Gilhouley,agilhouleyr9@alexa.com,Male,6651
983,Delainey Blower,dblowerra@ucoz.ru,Male,3241
984,Kip Iacomi,kiacomirb@github.io,Male,3812
985,Eugenia Ferguson,efergusonrc@sitemeter.com,Female,5639
986,Jodi Lohan,jlohanrd@pagesperso-orange.fr,Male,5360
987,Trent Luce,tlucere@google.co.jp,Male,2189
988,Dulce Lawton,dlawtonrf@macromedia.com,Female,6398
989,Konstantine Gibbard,kgibbardrg@live.com,Male,5307
990,Bentley Hebblewaite,bhebblewaiterh@google.it,Male,4646
991,Gussi MacColm,gmaccolmri@biblegateway.com,Female,3950
992,Jonie Mussington,jmussingtonrj@gov.uk,Female,2006
993,Woodie Whiteford,wwhitefordrk@google.de,Male,3478
994,Glenn Maxsted,gmaxstedrl@auda.org.au,Male,6073
995,Kinna Errol,kerrolrm@dyndns.org,Female,6264
996,Ruth Galland,rgallandrn@cbslocal.com,Female,5656
997,Kim Iacovelli,kiacovelliro@weibo.com,Female,4934
998,Lauretta Prinett,lprinettrp@hud.gov,Female,2879
999,Penrod Rishman,prishmanrq@multiply.com,Male,5625
1000,Sim Oughtright,soughtrightrr@xinhuanet.com,Male,3974
